{
    "module_name": "simple_rcfg",
    "channels": [
        "blockpt1"
    ],
    "recursive_variables": {
        "sw": "\"(pt = 1 . pt <- 2)\" ; sw o+ (blockpt1 ? \"one\") ; sw2",
        "h2": "(blockpt1 ! \"one\") ; h2",
        "sw2": "\"(pt = 1 . zero)\" ; sw2"
    },
    "program": "h2 || sw",
    "in_packets": {
        "first": "(pt = 1)"
    },
    "out_packets": {
        "first" : "(pt = 2)"
    },
    "properties": {
        "first" : [
            [
                "r",
                "head(@Program)",   
                "!0",
                2
            ],
            [
                "r",
                "(head(tail(@Program, {rcfg(blockpt1, \"one\")})))", 
                "!0",
                2
            ]
        ]
    }
}
