{
    "module_name": "simple_ping",
    "channels": [
        "ch1"
    ],
    "recursive_variables": {
        "sw": "\"(pt = 1 . pt <- 2)\" ; sw",
        "h1": "(ch1 ! \"one\") ; h1"
    },
    "program": "h1 || sw",
    "in_packets": {
        "first": "(pt = 1)"
    },
    "out_packets": {
        "first" : "(pt = 2)"
    },
    "properties": {
        "first" : [
            [
                "r",
                "head(@Program)",   
                "!0",
                2
            ]
        ]
    }
}