{
    "module_name": "Example",
    "channels": [
        "ch_00:00:00:00:00:03_00:00:00:00:00:01_65402_UP",
        "ch_00:00:00:00:00:01_00:00:00:00:00:03_65402_UP",
        "ch_00:00:00:00:00:03_00:00:00:00:00:02_65402_UP",
        "ch_00:00:00:00:00:02_00:00:00:00:00:03_65402_UP"
    ],
    "recursive_variables": {
        "switch_65402": "(ch_00:00:00:00:00:03_00:00:00:00:00:01_65402_UP ? \"one\") ; switch_65402_1 o+ (ch_00:00:00:00:00:01_00:00:00:00:00:03_65402_UP ? \"one\") ; switch_65402_2 o+ (ch_00:00:00:00:00:03_00:00:00:00:00:02_65402_UP ? \"one\") ; switch_65402_3 o+ (ch_00:00:00:00:00:02_00:00:00:00:00:03_65402_UP ? \"one\") ; switch_65402_4",
        "host_00:00:00:00:00:02": "(ch_00:00:00:00:00:02_00:00:00:00:00:03_65402_UP ! \"one\") ; host_00:00:00:00:00:02",
        "host_00:00:00:00:00:03": "(ch_00:00:00:00:00:03_00:00:00:00:00:01_65402_UP ! \"one\") ; host_00:00:00:00:00:03 o+ (ch_00:00:00:00:00:03_00:00:00:00:00:02_65402_UP ! \"one\") ; host_00:00:00:00:00:03",
        "host_00:00:00:00:00:01": "(ch_00:00:00:00:00:01_00:00:00:00:00:03_65402_UP ! \"one\") ; host_00:00:00:00:00:01",
        "switch_65402_1": "(openflow.eth_src = 00:00:00:00:00:03 . openflow.eth_dst = 00:00:00:00:00:01 . openflow.ofp_match.source_addr <- 10.0.0.3 . openflow.ofp_match.dest_addr <- 10.0.0.1) ; switch_65402_1",
        "switch_65402_2": "(openflow.eth_src = 00:00:00:00:00:01 . openflow.eth_dst = 00:00:00:00:00:03 . openflow.ofp_match.source_addr <- 10.0.0.1 . openflow.ofp_match.dest_addr <- 10.0.0.3) ; switch_65402_2",
        "switch_65402_3": "(openflow.eth_src = 00:00:00:00:00:03 . openflow.eth_dst = 00:00:00:00:00:02 . openflow.ofp_match.source_addr <- 10.0.0.3 . openflow.ofp_match.dest_addr <- 10.0.0.2) ; switch_65402_3",
        "switch_65402_4": "(openflow.eth_src = 00:00:00:00:00:02 . openflow.eth_dst = 00:00:00:00:00:03 . openflow.ofp_match.source_addr <- 10.0.0.2 . openflow.ofp_match.dest_addr <- 10.0.0.3) ; switch_65402_4"
    },
    "program": "switch_65402 || host_00:00:00:00:00:02 || host_00:00:00:00:00:03 || host_00:00:00:00:00:01",
    "in_packets": {},
    "out_packets": {},
    "properties": {}
}