{
    "module_name": "single3V3",
    "channels": [
        "ch2"
    ],
    "recursive_variables": {
        "sw": "(ch2 ? \"one\") ; sw2",
        "h1": "(ch2 ! \"one\") ; h1",
        "sw2": "\"src = 1\" ; (\"dstaddr <- 2\" ; sw2)"
    },
    "program": "sw || h1",
    "in_packets": {
        "first": "src = 1"
    },
    "out_packets": {
        "first" : "dstaddr = 2"
    },
    "properties": {
        "first" : [
            [
                "r",
                "head(@Program)",   
                "!0",
                2
            ],
            [
                "r",
                "(head(tail(@Program, {rcfg(ch2, \"one\")})))", 
                "!0",
                2
            ]
        ]
    }
}
