{
    "module_name": "example_of_new_extraction",
    "channels": [
        "blockpt1",
        "doblockpt1"
    ],
    "recursive_variables": {
        "DataPlane": "sw",
        "sw": "\"(pt = 1 . pt <- 2)\" ; sw o+ (blockpt1 ! \"one\") ; sw o+ (doblockpt1 ? \"one\") ; sw1",
        "C": "(blockpt1 ? \"one\") ; ((doblockpt1 ! \"one\") ; bot)",
        "sw1":"\"(pt = 1 . zero)\" ; sw1"
    },
    "program": "DataPlane || C",
    "in_packets": {
        "first": "(pt = 1)"
    },
    "out_packets": {
        "first" : "(pt = 2)"
    },
    "properties": {
        "first" : [
            [
                "r",
                "head(@Program)",   
                "!0",
                2
            ],
            [
                "r",
                "(head(tail(@Program, {rcfg(blockpt1, \"one\")} , rcfg(blockpt1, \"one\")})))", 
                "!0",
                1
            ]
        ]
    }
}
